name,type1,type2,generation,hp,attack,defense,sp_attack,sp_defense,speed
Abomasnow,grass,ice,4,90,132,105,132,105,30
Abra,psychic,NA,1,25,20,15,105,55,90
Absol,dark,NA,3,65,150,60,115,60,115
Accelgor,bug,NA,5,80,70,40,100,60,145
Aegislash,steel,ghost,6,60,150,50,150,50,60
Aerodactyl,rock,flying,1,80,135,85,70,95,150
Aggron,steel,rock,3,70,140,230,60,80,50
Aipom,normal,NA,2,55,70,55,40,55,85
Alakazam,psychic,NA,1,55,50,65,175,105,150
Alomomola,water,NA,5,165,75,80,40,45,65
Altaria,dragon,flying,3,75,110,110,110,105,80
Amaura,rock,ice,6,77,59,50,67,63,46
Ambipom,normal,NA,4,75,100,66,60,66,115
Amoonguss,grass,poison,5,114,85,70,85,80,30
Ampharos,electric,NA,2,90,95,105,165,110,45
Anorith,rock,bug,3,45,95,50,40,50,75
Araquanid,water,bug,7,68,70,92,50,132,42
Arbok,poison,NA,1,60,95,69,65,79,80
Arcanine,fire,NA,1,90,110,80,100,80,95
Arceus,normal,NA,4,120,120,120,120,120,120
Archen,rock,flying,5,55,112,45,74,45,70
Archeops,rock,flying,5,75,140,65,112,65,110
Ariados,bug,poison,2,70,90,70,60,70,40
Armaldo,rock,bug,3,75,125,100,70,80,45
Aromatisse,fairy,NA,6,101,72,72,99,89,29
Aron,steel,rock,3,50,70,100,40,40,30
Articuno,ice,flying,1,90,85,100,95,125,85
Audino,normal,NA,5,103,60,126,80,126,50
Aurorus,rock,ice,6,123,77,72,99,92,58
Avalugg,ice,NA,6,95,117,184,44,46,28
Axew,dragon,NA,5,46,87,60,30,40,57
Azelf,psychic,NA,4,75,125,70,125,70,115
Azumarill,water,fairy,2,100,50,80,60,80,50
Azurill,normal,fairy,3,50,20,40,20,40,20
Bagon,dragon,NA,3,45,75,60,40,30,50
Baltoy,ground,psychic,3,40,40,55,40,70,55
Banette,ghost,NA,3,64,165,75,93,83,75
Barbaracle,rock,water,6,72,105,115,54,86,68
Barboach,water,ground,3,50,48,43,46,41,60
Basculin,water,NA,5,70,92,65,80,55,98
Bastiodon,rock,steel,4,60,52,168,47,138,30
Bayleef,grass,NA,2,60,62,80,63,80,60
Beartic,ice,NA,5,95,130,80,70,80,50
Beautifly,bug,flying,3,60,70,50,100,50,65
Beedrill,bug,poison,1,65,150,40,15,80,145
Beheeyem,psychic,NA,5,75,75,75,125,95,40
Beldum,steel,psychic,3,40,55,80,35,60,30
Bellossom,grass,NA,2,75,80,95,90,100,50
Bellsprout,grass,poison,1,50,75,35,70,30,40
Bergmite,ice,NA,6,55,69,85,32,35,28
Bewear,normal,fighting,7,120,125,80,55,60,60
Bibarel,normal,water,4,79,85,60,55,60,71
Bidoof,normal,NA,4,59,45,40,35,40,31
Binacle,rock,water,6,42,52,67,39,56,50
Bisharp,dark,steel,5,65,125,100,60,70,70
Blastoise,water,NA,1,79,103,120,135,115,78
Blaziken,fire,fighting,3,80,160,80,130,80,100
Blissey,normal,NA,2,255,10,10,75,135,55
Blitzle,electric,NA,5,45,60,32,50,32,76
Boldore,rock,NA,5,70,105,105,50,40,20
Bonsly,rock,NA,4,50,80,95,10,45,10
Bouffalant,normal,NA,5,95,110,95,40,95,55
Bounsweet,grass,NA,7,42,30,38,30,38,32
Braixen,fire,NA,6,59,59,58,90,70,73
Braviary,normal,flying,5,100,123,75,57,75,80
Breloom,grass,fighting,3,60,130,80,60,60,70
Brionne,water,NA,7,60,69,69,91,81,50
Bronzong,steel,psychic,4,67,89,116,79,116,33
Bronzor,steel,psychic,4,57,24,86,24,86,23
Bruxish,water,psychic,7,68,105,70,70,70,92
Budew,grass,poison,4,40,30,35,50,70,55
Buizel,water,NA,4,55,65,35,60,30,85
Bulbasaur,grass,poison,1,45,49,49,65,65,45
Buneary,normal,NA,4,55,66,44,44,56,85
Bunnelby,normal,NA,6,38,36,38,32,36,57
Burmy,bug,NA,4,40,29,45,29,45,36
Butterfree,bug,flying,1,60,45,50,90,80,70
Buzzwole,bug,fighting,7,107,139,139,53,53,79
Cacnea,grass,NA,3,50,85,40,85,40,35
Cacturne,grass,dark,3,70,115,60,115,60,55
Camerupt,fire,ground,3,70,120,100,145,105,20
Carbink,rock,fairy,6,50,50,150,50,150,50
Carnivine,grass,NA,4,74,100,72,90,72,46
Carracosta,water,rock,5,74,108,133,83,65,32
Carvanha,water,dark,3,45,90,20,65,20,65
Cascoon,bug,NA,3,50,35,55,25,25,15
Castform,normal,NA,3,70,70,70,70,70,70
Caterpie,bug,NA,1,45,30,35,20,20,45
Celebi,psychic,grass,2,100,100,100,100,100,100
Celesteela,steel,flying,7,97,101,103,107,101,61
Chandelure,ghost,fire,5,60,55,90,145,90,80
Chansey,normal,NA,1,250,5,5,35,105,50
Charizard,fire,flying,1,78,104,78,159,115,100
Charjabug,bug,electric,7,57,82,95,55,75,36
Charmander,fire,NA,1,39,52,43,60,50,65
Charmeleon,fire,NA,1,58,64,58,80,65,80
Chatot,normal,flying,4,76,65,45,92,42,91
Cherrim,grass,NA,4,70,60,70,87,78,85
Cherubi,grass,NA,4,45,35,45,62,53,35
Chesnaught,grass,fighting,6,88,107,122,74,75,64
Chespin,grass,NA,6,56,61,65,48,45,38
Chikorita,grass,NA,2,45,49,65,49,65,45
Chimchar,fire,NA,4,44,58,44,58,44,61
Chimecho,psychic,NA,3,75,50,80,95,90,65
Chinchou,water,electric,2,75,38,38,56,56,67
Chingling,psychic,NA,4,45,30,50,65,50,45
Cinccino,normal,NA,5,75,95,60,65,60,115
Clamperl,water,NA,3,35,64,85,74,55,32
Clauncher,water,NA,6,50,53,62,58,63,44
Clawitzer,water,NA,6,71,73,88,120,89,59
Claydol,ground,psychic,3,60,70,105,70,120,75
Clefable,fairy,NA,1,95,70,73,95,90,60
Clefairy,fairy,NA,1,70,45,48,60,65,35
Cleffa,fairy,NA,2,50,25,28,45,55,15
Cloyster,water,ice,1,50,95,180,85,45,70
Cobalion,steel,fighting,5,91,90,129,90,72,108
Cofagrigus,ghost,NA,5,58,50,145,95,105,30
Combee,bug,flying,4,30,30,42,30,42,70
Combusken,fire,fighting,3,60,85,60,85,60,55
Comfey,fairy,NA,7,51,52,90,82,110,100
Conkeldurr,fighting,NA,5,105,140,95,55,65,45
Corphish,water,NA,3,43,80,65,50,35,35
Corsola,water,rock,2,65,55,95,65,95,35
Cosmoem,psychic,NA,7,43,29,131,29,131,37
Cosmog,psychic,NA,7,43,29,31,29,31,37
Cottonee,grass,fairy,5,40,27,60,37,50,66
Crabominable,fighting,ice,7,97,132,77,62,67,43
Crabrawler,fighting,NA,7,47,82,57,42,47,63
Cradily,rock,grass,3,86,81,97,81,107,43
Cranidos,rock,NA,4,67,125,40,30,30,58
Crawdaunt,water,dark,3,63,120,85,90,55,55
Cresselia,psychic,NA,4,120,70,120,75,130,85
Croagunk,poison,fighting,4,48,61,40,61,40,50
Crobat,poison,flying,2,85,90,80,70,80,130
Croconaw,water,NA,2,65,80,80,59,63,58
Crustle,bug,rock,5,70,105,125,65,75,45
Cryogonal,ice,NA,5,80,50,50,95,135,105
Cubchoo,ice,NA,5,55,70,40,60,40,40
Cubone,ground,NA,1,50,50,95,40,50,35
Cutiefly,bug,fairy,7,40,45,40,55,40,84
Cyndaquil,fire,NA,2,39,52,43,60,50,65
Darkrai,dark,NA,4,70,90,90,135,90,125
Darmanitan,fire,fire,5,105,30,105,140,105,55
Dartrix,grass,flying,7,78,75,75,70,70,52
Darumaka,fire,NA,5,70,90,45,15,45,50
Decidueye,grass,ghost,7,78,107,75,100,100,70
Dedenne,electric,fairy,6,67,58,57,81,67,101
Deerling,normal,grass,5,60,60,50,40,50,75
Deino,dark,dragon,5,52,65,50,45,50,38
Delcatty,normal,NA,3,70,65,65,55,55,90
Delibird,ice,flying,2,45,55,45,65,45,75
Delphox,fire,psychic,6,75,69,72,114,100,104
Deoxys,psychic,NA,3,50,95,90,95,90,180
Dewgong,water,ice,1,90,70,80,70,95,70
Dewott,water,NA,5,75,75,60,83,60,60
Dewpider,water,bug,7,38,40,52,40,72,27
Dhelmise,ghost,grass,7,70,131,100,86,90,40
Dialga,steel,dragon,4,100,120,120,150,100,90
Diancie,rock,fairy,6,50,160,110,160,110,110
Diggersby,normal,ground,6,85,56,77,50,77,78
Diglett,ground,ground,1,10,55,30,35,45,90
Ditto,normal,NA,1,48,48,48,48,48,48
Dodrio,normal,flying,1,60,110,70,60,60,110
Doduo,normal,flying,1,35,85,45,35,35,75
Donphan,ground,NA,2,90,120,120,60,60,50
Doublade,steel,ghost,6,59,110,150,45,49,35
Dragalge,poison,dragon,6,65,75,90,97,123,44
Dragonair,dragon,NA,1,61,84,65,70,70,70
Dragonite,dragon,flying,1,91,134,95,100,100,80
Drampa,normal,dragon,7,78,60,85,135,91,36
Drapion,poison,dark,4,70,90,110,60,75,95
Dratini,dragon,NA,1,41,64,45,50,50,50
Drifblim,ghost,flying,4,150,80,44,90,54,80
Drifloon,ghost,flying,4,90,50,34,60,44,70
Drilbur,ground,NA,5,60,85,40,30,45,68
Drowzee,psychic,NA,1,60,48,45,43,90,42
Druddigon,dragon,NA,5,77,120,90,60,90,48
Ducklett,water,flying,5,62,44,50,44,50,55
Dugtrio,ground,ground,1,35,100,60,50,70,110
Dunsparce,normal,NA,2,100,70,70,65,65,45
Duosion,psychic,NA,5,65,40,50,125,60,30
Durant,bug,steel,5,58,109,112,48,48,109
Dusclops,ghost,NA,3,40,70,130,60,130,25
Dusknoir,ghost,NA,4,45,100,135,65,135,45
Duskull,ghost,NA,3,20,40,90,30,90,25
Dustox,bug,poison,3,60,50,70,50,90,65
Dwebble,bug,rock,5,50,65,85,35,35,55
Eelektrik,electric,NA,5,65,85,70,75,70,40
Eelektross,electric,NA,5,85,115,80,105,80,50
Eevee,normal,NA,1,55,55,50,45,65,55
Ekans,poison,NA,1,35,60,44,40,54,55
Electabuzz,electric,NA,1,65,83,57,95,85,105
Electivire,electric,NA,4,75,123,67,95,85,95
Electrike,electric,NA,3,40,45,40,65,40,65
Electrode,electric,NA,1,60,50,70,80,80,150
Elekid,electric,NA,2,45,63,37,65,55,95
Elgyem,psychic,NA,5,55,55,55,85,55,30
Emboar,fire,fighting,5,110,123,65,100,65,65
Emolga,electric,flying,5,55,75,60,75,60,103
Empoleon,water,steel,4,84,86,88,111,101,60
Entei,fire,NA,2,115,115,85,90,75,100
Escavalier,bug,steel,5,70,135,105,60,105,20
Espeon,psychic,NA,2,65,65,60,130,95,110
Espurr,psychic,NA,6,62,48,54,63,60,68
Excadrill,ground,steel,5,110,135,60,50,65,88
Exeggcute,grass,psychic,1,60,40,80,60,45,40
Exeggutor,grass,psychic,1,95,105,85,125,75,45
Exploud,normal,NA,3,104,91,63,91,73,68
Farfetch'd,normal,flying,1,52,90,55,58,62,60
Fearow,normal,flying,1,65,90,65,61,61,100
Feebas,water,NA,3,20,15,20,10,55,80
Fennekin,fire,NA,6,40,45,40,62,60,60
Feraligatr,water,NA,2,85,105,100,79,83,78
Ferroseed,grass,steel,5,44,50,91,24,86,10
Ferrothorn,grass,steel,5,74,94,131,54,116,20
Finneon,water,NA,4,49,49,56,49,61,66
Flaaffy,electric,NA,2,70,55,55,80,60,45
Flabébé,fairy,NA,6,44,38,39,61,79,42
Flareon,fire,NA,1,65,130,60,95,110,65
Fletchinder,fire,flying,6,62,73,55,56,52,84
Fletchling,normal,flying,6,45,50,43,40,38,62
Floatzel,water,NA,4,85,105,55,85,50,115
Floette,fairy,NA,6,74,65,67,125,128,92
Florges,fairy,NA,6,78,65,68,112,154,75
Flygon,ground,dragon,3,80,100,80,80,80,100
Fomantis,grass,NA,7,40,55,35,50,35,35
Foongus,grass,poison,5,69,55,45,55,55,15
Forretress,bug,steel,2,75,90,140,60,60,40
Fraxure,dragon,NA,5,66,117,70,40,50,67
Frillish,water,ghost,5,55,40,50,65,85,40
Froakie,water,NA,6,41,56,40,62,44,71
Frogadier,water,NA,6,54,63,52,83,56,97
Froslass,ice,ghost,4,70,80,70,80,70,110
Furfrou,normal,NA,6,75,80,60,65,90,102
Furret,normal,NA,2,85,76,64,45,55,90
Gabite,dragon,ground,4,68,90,65,50,55,82
Gallade,psychic,fighting,4,68,165,95,65,115,110
Galvantula,bug,electric,5,70,77,60,97,60,108
Garbodor,poison,NA,5,80,95,82,60,82,75
Garchomp,dragon,ground,4,108,170,115,120,95,92
Gardevoir,psychic,fairy,3,68,85,65,165,135,100
Gastly,ghost,poison,1,30,35,30,100,35,80
Gastrodon,water,ground,4,111,83,68,92,82,39
Genesect,bug,steel,5,71,120,95,120,95,99
Gengar,ghost,poison,1,60,65,80,170,95,130
Geodude,rock,ground,1,40,80,100,30,30,20
Gible,dragon,ground,4,58,70,45,40,45,42
Gigalith,rock,NA,5,85,135,130,60,80,25
Girafarig,normal,psychic,2,70,80,65,90,65,85
Giratina,ghost,dragon,4,150,120,100,120,100,90
Glaceon,ice,NA,4,65,60,110,130,95,65
Glalie,ice,NA,3,80,120,80,120,80,100
Glameow,normal,NA,4,49,55,42,42,37,85
Gligar,ground,flying,2,65,75,105,35,65,85
Gliscor,ground,flying,4,75,95,125,45,75,95
Gloom,grass,poison,1,60,65,70,85,75,40
Gogoat,grass,NA,6,123,100,62,97,81,68
Golbat,poison,flying,1,75,80,70,65,75,90
Goldeen,water,NA,1,45,67,60,35,50,63
Golduck,water,NA,1,80,82,78,95,80,85
Golem,rock,ground,1,80,120,130,55,65,45
Golett,ground,ghost,5,59,74,50,35,50,35
Golisopod,bug,water,7,75,125,140,60,90,40
Golurk,ground,ghost,5,89,124,80,55,80,55
Goodra,dragon,NA,6,90,100,70,110,150,80
Goomy,dragon,NA,6,45,50,35,55,75,40
Gorebyss,water,NA,3,55,84,105,114,75,52
Gothita,psychic,NA,5,45,30,50,55,65,45
Gothitelle,psychic,NA,5,70,55,95,95,110,65
Gothorita,psychic,NA,5,60,45,70,75,85,55
Gourgeist,ghost,grass,6,85,100,122,58,75,54
Granbull,fairy,NA,2,90,120,75,60,60,45
Graveler,rock,ground,1,55,95,115,45,45,35
Greninja,water,dark,6,72,145,67,153,71,132
Grimer,poison,poison,1,80,80,50,40,50,25
Grotle,grass,NA,4,75,89,85,55,65,36
Groudon,ground,NA,3,100,180,160,150,90,90
Grovyle,grass,NA,3,50,65,45,85,65,95
Growlithe,fire,NA,1,55,70,45,70,50,60
Grubbin,bug,NA,7,47,62,45,55,45,46
Grumpig,psychic,NA,3,80,45,65,90,110,80
Gulpin,poison,NA,3,70,43,53,43,53,40
Gumshoos,normal,NA,7,88,110,60,55,60,45
Gurdurr,fighting,NA,5,85,105,85,40,50,40
Guzzlord,dark,dragon,7,223,101,53,97,53,43
Gyarados,water,flying,1,95,155,109,70,130,81
Hakamo-o,dragon,fighting,7,55,75,90,65,70,65
Happiny,normal,NA,4,100,5,5,15,65,30
Hariyama,fighting,NA,3,144,120,60,40,60,50
Haunter,ghost,poison,1,45,50,45,115,55,95
Hawlucha,fighting,flying,6,78,92,75,74,63,118
Haxorus,dragon,NA,5,76,147,90,60,70,97
Heatmor,fire,NA,5,85,97,66,105,66,65
Heatran,fire,steel,4,91,90,106,130,106,77
Heliolisk,electric,normal,6,62,55,52,109,94,109
Helioptile,electric,normal,6,44,38,33,61,43,70
Heracross,bug,fighting,2,80,185,115,40,105,75
Herdier,normal,NA,5,65,80,65,35,65,60
Hippopotas,ground,NA,4,68,72,78,38,42,32
Hippowdon,ground,NA,4,108,112,118,68,72,47
Hitmonchan,fighting,NA,1,50,105,79,35,110,76
Hitmonlee,fighting,NA,1,50,120,53,35,110,87
Hitmontop,fighting,NA,2,50,95,95,35,110,70
Ho-Oh,fire,flying,2,106,130,90,110,154,90
Honchkrow,dark,flying,4,100,125,52,105,52,71
Honedge,steel,ghost,6,45,80,100,35,37,28
Hoopa,psychic,ghost,6,80,160,60,170,130,80
Hoothoot,normal,flying,2,60,30,30,36,56,50
Hoppip,grass,flying,2,35,35,40,35,55,50
Horsea,water,NA,1,30,40,70,70,25,60
Houndoom,dark,fire,2,75,90,90,140,90,115
Houndour,dark,fire,2,45,60,30,80,50,65
Huntail,water,NA,3,55,104,105,94,75,52
Hydreigon,dark,dragon,5,92,105,90,125,90,98
Hypno,psychic,NA,1,85,73,70,73,115,67
Igglybuff,normal,fairy,2,90,30,15,40,20,15
Illumise,bug,NA,3,65,47,75,73,85,85
Incineroar,fire,dark,7,95,115,90,80,90,60
Infernape,fire,fighting,4,76,104,71,104,71,108
Inkay,dark,psychic,6,53,54,53,37,46,45
Ivysaur,grass,poison,1,60,62,63,80,80,60
Jangmo-o,dragon,NA,7,45,55,65,45,45,45
Jellicent,water,ghost,5,100,60,70,85,105,60
Jigglypuff,normal,fairy,1,115,45,20,45,25,20
Jirachi,steel,psychic,3,100,100,100,100,100,100
Jolteon,electric,NA,1,65,65,60,110,95,130
Joltik,bug,electric,5,50,47,50,57,50,65
Jumpluff,grass,flying,2,75,55,70,55,95,110
Jynx,ice,psychic,1,65,50,35,115,95,95
Kabuto,rock,water,1,30,80,90,55,45,55
Kabutops,rock,water,1,60,115,105,65,70,80
Kadabra,psychic,NA,1,40,35,30,120,70,105
Kakuna,bug,poison,1,45,25,50,25,25,35
Kangaskhan,normal,NA,1,105,125,100,60,100,100
Karrablast,bug,NA,5,50,75,45,40,45,60
Kartana,grass,steel,7,59,181,131,59,31,109
Kecleon,normal,NA,3,60,90,70,60,120,40
Keldeo,water,fighting,5,91,72,90,129,90,108
Kingdra,water,dragon,2,75,95,95,95,95,85
Kingler,water,NA,1,55,130,115,50,50,75
Kirlia,psychic,fairy,3,38,35,35,65,55,50
Klang,steel,NA,5,60,80,95,70,85,50
Klefki,steel,fairy,6,57,80,91,80,87,75
Klink,steel,NA,5,40,55,70,45,60,30
Klinklang,steel,NA,5,60,100,115,70,85,90
Koffing,poison,NA,1,40,65,95,60,45,35
Komala,normal,NA,7,65,115,65,75,95,65
Kommo-o,dragon,fighting,7,75,110,125,100,105,85
Krabby,water,NA,1,30,105,90,25,25,50
Kricketot,bug,NA,4,37,25,41,25,41,25
Kricketune,bug,NA,4,77,85,51,55,51,65
Krokorok,ground,dark,5,60,82,45,45,45,74
Krookodile,ground,dark,5,95,117,80,65,70,92
Kyogre,water,NA,3,100,150,90,180,160,90
Kyurem,dragon,ice,5,125,120,90,170,100,95
Lairon,steel,rock,3,60,90,140,50,50,40
Lampent,ghost,fire,5,60,40,60,95,60,55
Landorus,ground,flying,5,89,145,90,105,80,91
Lanturn,water,electric,2,125,58,58,76,76,67
Lapras,water,ice,1,130,85,80,85,95,60
Larvesta,bug,fire,5,55,85,55,50,55,60
Larvitar,rock,ground,2,50,64,50,45,50,41
Latias,dragon,psychic,3,80,100,120,140,150,110
Latios,dragon,psychic,3,80,130,100,160,120,110
Leafeon,grass,NA,4,65,110,130,60,65,95
Leavanny,bug,grass,5,75,103,80,70,80,92
Ledian,bug,flying,2,55,35,50,55,110,85
Ledyba,bug,flying,2,40,20,30,40,80,55
Lickilicky,normal,NA,4,110,85,95,80,95,50
Lickitung,normal,NA,1,90,55,75,60,75,30
Liepard,dark,NA,5,64,88,50,88,50,106
Lileep,rock,grass,3,66,41,77,61,87,23
Lilligant,grass,NA,5,70,60,75,110,75,90
Lillipup,normal,NA,5,45,60,45,25,45,55
Linoone,normal,NA,3,78,70,61,50,61,100
Litleo,fire,normal,6,62,50,58,73,54,72
Litten,fire,NA,7,45,65,40,60,40,70
Litwick,ghost,fire,5,50,30,55,65,55,20
Lombre,water,grass,3,60,50,50,60,70,50
Lopunny,normal,NA,4,65,136,94,54,96,135
Lotad,water,grass,3,40,30,30,40,50,30
Loudred,normal,NA,3,84,71,43,71,43,48
Lucario,fighting,steel,4,70,145,88,140,70,112
Ludicolo,water,grass,3,80,70,70,90,100,70
Lugia,psychic,flying,2,106,90,130,90,154,110
Lumineon,water,NA,4,69,69,76,69,86,91
Lunala,psychic,ghost,7,137,113,89,137,107,97
Lunatone,rock,psychic,3,90,55,65,95,85,70
Lurantis,grass,NA,7,70,105,90,80,90,45
Luvdisc,water,NA,3,43,30,55,40,65,97
Luxio,electric,NA,4,60,85,49,60,49,60
Luxray,electric,NA,4,80,120,79,95,79,70
Lycanroc,rock,NA,7,85,115,75,55,75,82
Machamp,fighting,NA,1,90,130,80,65,85,55
Machoke,fighting,NA,1,80,100,70,50,60,45
Machop,fighting,NA,1,70,80,50,35,35,35
Magby,fire,NA,2,45,75,37,70,55,83
Magcargo,fire,rock,2,60,50,120,90,80,30
Magearna,steel,fairy,7,80,95,115,130,115,65
Magikarp,water,NA,1,20,10,55,15,20,80
Magmar,fire,NA,1,65,95,57,100,85,93
Magmortar,fire,NA,4,75,95,67,125,95,83
Magnemite,electric,steel,1,25,35,70,95,55,45
Magneton,electric,steel,1,50,60,95,120,70,70
Magnezone,electric,steel,4,70,70,115,130,90,60
Makuhita,fighting,NA,3,72,60,30,20,30,25
Malamar,dark,psychic,6,86,92,88,68,75,73
Mamoswine,ice,ground,4,110,130,80,70,60,80
Manaphy,water,NA,4,100,100,100,100,100,100
Mandibuzz,dark,flying,5,110,65,105,55,95,80
Manectric,electric,NA,3,70,75,80,135,80,135
Mankey,fighting,NA,1,40,80,35,35,45,70
Mantine,water,flying,2,85,40,70,80,140,70
Mantyke,water,flying,4,45,20,50,60,120,50
Maractus,grass,NA,5,75,86,67,106,67,60
Mareanie,poison,water,7,50,53,62,43,52,45
Mareep,electric,NA,2,55,40,40,65,45,35
Marill,water,fairy,2,70,20,50,20,50,40
Marowak,ground,fire,1,60,80,110,50,80,45
Marshtomp,water,ground,3,70,85,70,60,70,50
Masquerain,bug,flying,3,70,60,62,100,82,80
Mawile,steel,fairy,3,50,105,125,55,95,50
Medicham,fighting,psychic,3,60,100,85,80,85,100
Meditite,fighting,psychic,3,30,40,55,40,55,60
Meganium,grass,NA,2,80,82,100,83,100,80
Meloetta,normal,psychic,5,100,128,90,77,77,128
Meowstic,psychic,NA,6,74,48,76,83,81,104
Meowth,normal,dark,1,40,35,35,50,40,90
Mesprit,psychic,NA,4,80,105,105,105,105,80
Metagross,steel,psychic,3,80,145,150,105,110,110
Metang,steel,psychic,3,60,75,100,55,80,50
Metapod,bug,NA,1,50,20,55,25,25,30
Mew,psychic,NA,1,100,100,100,100,100,100
Mewtwo,psychic,NA,1,106,150,70,194,120,140
Mienfoo,fighting,NA,5,45,85,50,55,50,65
Mienshao,fighting,NA,5,65,125,60,95,60,105
Mightyena,dark,NA,3,70,90,70,60,60,70
Milotic,water,NA,3,95,60,79,100,125,81
Miltank,normal,NA,2,95,80,105,40,70,100
Mime Jr.,psychic,fairy,4,20,25,45,70,90,60
Mimikyu,ghost,fairy,7,55,90,80,50,105,96
Minccino,normal,NA,5,55,50,40,40,40,75
Minior,rock,flying,7,60,100,60,100,60,120
Minun,electric,NA,3,60,40,50,75,85,95
Misdreavus,ghost,NA,2,60,60,60,85,85,85
Mismagius,ghost,NA,4,60,60,60,105,105,105
Moltres,fire,flying,1,90,100,90,125,85,90
Monferno,fire,fighting,4,64,78,52,78,52,81
Morelull,grass,fairy,7,40,35,55,65,75,15
Mothim,bug,flying,4,70,94,50,94,50,66
Mr. Mime,psychic,fairy,1,40,45,65,100,120,90
Mudbray,ground,NA,7,70,100,70,45,55,45
Mudkip,water,NA,3,50,70,50,50,50,40
Mudsdale,ground,NA,7,100,125,100,55,85,35
Muk,poison,poison,1,105,105,75,65,100,50
Munchlax,normal,NA,4,135,85,40,40,85,5
Munna,psychic,NA,5,76,25,45,67,55,24
Murkrow,dark,flying,2,60,85,42,85,42,91
Musharna,psychic,NA,5,116,55,85,107,95,29
Natu,psychic,flying,2,40,50,45,70,45,70
Necrozma,psychic,NA,7,97,107,101,127,89,79
Nidoking,poison,ground,1,81,102,77,85,75,85
Nidoqueen,poison,ground,1,90,92,87,75,85,76
Nidoran♀,poison,NA,1,55,47,52,40,40,41
Nidoran♂,poison,NA,1,46,57,40,40,40,50
Nidorina,poison,NA,1,70,62,67,55,55,56
Nidorino,poison,NA,1,61,72,57,55,55,65
Nihilego,rock,poison,7,109,53,47,127,131,103
Nincada,bug,ground,3,31,45,90,30,30,40
Ninetales,fire,ice,1,73,67,75,81,100,109
Ninjask,bug,flying,3,61,90,45,50,50,160
Noctowl,normal,flying,2,100,50,50,86,96,70
Noibat,flying,dragon,6,40,30,35,45,40,55
Noivern,flying,dragon,6,85,70,80,97,80,123
Nosepass,rock,NA,3,30,45,135,45,90,30
Numel,fire,ground,3,60,60,40,65,45,35
Nuzleaf,grass,dark,3,70,70,40,60,40,60
Octillery,water,NA,2,75,105,75,105,75,45
Oddish,grass,poison,1,45,50,55,75,65,30
Omanyte,rock,water,1,35,40,100,90,55,35
Omastar,rock,water,1,70,60,125,115,70,55
Onix,rock,ground,1,35,45,160,30,45,70
Oranguru,normal,psychic,7,90,60,80,90,110,60
Oricorio,fire,flying,7,75,70,70,98,70,93
Oshawott,water,NA,5,55,55,45,63,45,45
Pachirisu,electric,NA,4,60,45,70,45,90,95
Palkia,water,dragon,4,90,120,100,150,120,100
Palossand,ghost,ground,7,85,75,110,100,75,35
Palpitoad,water,ground,5,75,65,55,65,55,69
Pancham,fighting,NA,6,67,82,62,46,48,43
Pangoro,fighting,dark,6,95,124,78,69,71,58
Panpour,water,NA,5,50,53,48,53,48,64
Pansage,grass,NA,5,50,53,48,53,48,64
Pansear,fire,NA,5,50,53,48,53,48,64
Paras,bug,grass,1,35,70,55,45,55,25
Parasect,bug,grass,1,60,95,80,60,80,30
Passimian,fighting,NA,7,100,120,90,40,60,80
Patrat,normal,NA,5,45,55,39,35,39,42
Pawniard,dark,steel,5,45,85,70,40,40,60
Pelipper,water,flying,3,60,50,100,95,70,65
Persian,normal,dark,1,65,60,60,75,65,115
Petilil,grass,NA,5,45,35,50,70,50,30
Phanpy,ground,NA,2,90,60,60,40,40,40
Phantump,ghost,grass,6,43,70,48,50,60,38
Pheromosa,bug,fighting,7,71,137,37,137,37,151
Phione,water,NA,4,80,80,80,80,80,80
Pichu,electric,NA,2,20,40,15,35,35,60
Pidgeot,normal,flying,1,83,80,80,135,80,121
Pidgeotto,normal,flying,1,63,60,55,50,50,71
Pidgey,normal,flying,1,40,45,40,35,35,56
Pidove,normal,flying,5,50,55,50,36,30,43
Pignite,fire,fighting,5,90,93,55,70,55,55
Pikachu,electric,NA,1,35,55,40,50,50,90
Pikipek,normal,flying,7,35,75,30,30,30,65
Piloswine,ice,ground,2,100,100,80,60,60,50
Pineco,bug,NA,2,50,65,90,35,35,15
Pinsir,bug,NA,1,65,155,120,65,90,105
Piplup,water,NA,4,53,51,53,61,56,40
Plusle,electric,NA,3,60,50,40,85,75,95
Politoed,water,NA,2,90,75,75,90,100,70
Poliwag,water,NA,1,40,50,40,40,40,90
Poliwhirl,water,NA,1,65,65,65,50,50,90
Poliwrath,water,fighting,1,90,95,95,70,90,70
Ponyta,fire,NA,1,50,85,55,65,65,90
Poochyena,dark,NA,3,35,55,35,30,30,35
Popplio,water,NA,7,50,54,54,66,56,40
Porygon,normal,NA,1,65,60,70,85,75,40
Porygon-Z,normal,NA,4,85,80,70,135,75,90
Porygon2,normal,NA,2,85,80,90,105,95,60
Primarina,water,fairy,7,80,74,74,126,116,60
Primeape,fighting,NA,1,65,105,60,60,70,95
Prinplup,water,NA,4,64,66,68,81,76,50
Probopass,rock,steel,4,60,55,145,75,150,40
Psyduck,water,NA,1,50,52,48,65,50,55
Pumpkaboo,ghost,grass,6,59,66,70,44,55,41
Pupitar,rock,ground,2,70,84,70,65,70,51
Purrloin,dark,NA,5,41,50,37,50,37,66
Purugly,normal,NA,4,71,82,64,64,59,112
Pyroar,fire,normal,6,86,68,72,109,66,106
Pyukumuku,water,NA,7,55,60,130,30,130,5
Quagsire,water,ground,2,95,85,85,65,65,35
Quilava,fire,NA,2,58,64,58,80,65,80
Quilladin,grass,NA,6,61,78,95,56,58,57
Qwilfish,water,poison,2,65,95,85,55,55,85
Raichu,electric,electric,1,60,85,50,95,85,110
Raikou,electric,NA,2,90,85,75,115,100,115
Ralts,psychic,fairy,3,28,25,25,45,35,40
Rampardos,rock,NA,4,97,165,60,65,50,58
Rapidash,fire,NA,1,65,100,70,80,80,105
Raticate,normal,dark,1,75,71,70,40,80,77
Rattata,normal,dark,1,30,56,35,25,35,72
Rayquaza,dragon,flying,3,105,180,100,180,100,115
Regice,ice,NA,3,80,50,100,100,200,50
Regigigas,normal,NA,4,110,160,110,80,110,100
Regirock,rock,NA,3,80,100,200,50,100,50
Registeel,steel,NA,3,80,75,150,75,150,50
Relicanth,water,rock,3,100,90,130,45,65,55
Remoraid,water,NA,2,35,65,35,65,35,65
Reshiram,dragon,fire,5,100,120,100,150,120,90
Reuniclus,psychic,NA,5,110,65,75,125,85,30
Rhydon,ground,rock,1,105,130,120,45,45,40
Rhyhorn,ground,rock,1,80,85,95,30,30,25
Rhyperior,ground,rock,4,115,140,130,55,55,40
Ribombee,bug,fairy,7,60,55,60,95,70,124
Riolu,fighting,NA,4,40,70,40,35,40,60
Rockruff,rock,NA,7,45,65,40,30,40,60
Roggenrola,rock,NA,5,55,75,85,25,25,15
Roselia,grass,poison,3,50,60,45,100,80,65
Roserade,grass,poison,4,60,70,65,125,105,90
Rotom,electric,ghost,4,50,65,107,105,107,86
Rowlet,grass,flying,7,68,55,55,50,50,42
Rufflet,normal,flying,5,70,83,50,37,50,60
Sableye,dark,ghost,3,50,85,125,85,115,20
Salamence,dragon,flying,3,95,145,130,120,90,120
Salandit,poison,fire,7,48,44,40,71,40,77
Salazzle,poison,fire,7,68,64,60,111,60,117
Samurott,water,NA,5,95,100,85,108,70,70
Sandile,ground,dark,5,50,72,35,35,35,65
Sandshrew,ground,ice,1,50,75,90,10,35,40
Sandslash,ground,ice,1,75,100,120,25,65,65
Sandygast,ghost,ground,7,55,55,80,70,45,15
Sawk,fighting,NA,5,75,125,75,30,75,85
Sawsbuck,normal,grass,5,80,100,70,60,70,95
Scatterbug,bug,NA,6,38,35,40,27,25,35
Sceptile,grass,NA,3,70,110,75,145,85,145
Scizor,bug,steel,2,70,150,140,65,100,75
Scolipede,bug,poison,5,60,100,89,55,69,112
Scrafty,dark,fighting,5,65,90,115,45,115,58
Scraggy,dark,fighting,5,50,75,70,35,70,48
Scyther,bug,flying,1,70,110,80,55,80,105
Seadra,water,NA,1,55,65,95,95,45,85
Seaking,water,NA,1,80,92,65,65,80,68
Sealeo,ice,water,3,90,60,70,75,70,45
Seedot,grass,NA,3,40,40,50,30,30,30
Seel,water,NA,1,65,45,55,45,70,45
Seismitoad,water,ground,5,105,95,75,85,75,74
Sentret,normal,NA,2,35,46,34,35,45,20
Serperior,grass,NA,5,75,75,95,75,95,113
Servine,grass,NA,5,60,60,75,60,75,83
Seviper,poison,NA,3,73,100,60,100,60,65
Sewaddle,bug,grass,5,45,53,70,40,60,42
Sharpedo,water,dark,3,70,140,70,110,65,105
Shaymin,grass,grass,4,100,103,75,120,75,127
Shedinja,bug,ghost,3,1,90,45,30,30,40
Shelgon,dragon,NA,3,65,95,100,60,50,50
Shellder,water,NA,1,30,65,100,45,25,40
Shellos,water,NA,4,76,48,48,57,62,34
Shelmet,bug,NA,5,50,40,85,40,65,25
Shieldon,rock,steel,4,30,42,118,42,88,30
Shiftry,grass,dark,3,90,100,60,90,60,80
Shiinotic,grass,fairy,7,60,45,80,90,100,30
Shinx,electric,NA,4,45,65,34,40,34,45
Shroomish,grass,NA,3,60,40,60,40,60,35
Shuckle,bug,rock,2,20,10,230,10,230,5
Shuppet,ghost,NA,3,44,75,35,63,33,45
Sigilyph,psychic,flying,5,72,58,80,103,80,97
Silcoon,bug,NA,3,50,35,55,25,25,15
Silvally,normal,NA,7,95,95,95,95,95,95
Simipour,water,NA,5,75,98,63,98,63,101
Simisage,grass,NA,5,75,98,63,98,63,101
Simisear,fire,NA,5,75,98,63,98,63,101
Skarmory,steel,flying,2,65,80,140,40,70,70
Skiddo,grass,NA,6,66,65,48,62,57,52
Skiploom,grass,flying,2,55,45,50,45,65,80
Skitty,normal,NA,3,50,45,45,35,35,50
Skorupi,poison,bug,4,40,50,90,30,55,65
Skrelp,poison,water,6,50,60,60,60,60,30
Skuntank,poison,dark,4,103,93,67,71,61,84
Slaking,normal,NA,3,150,160,100,95,65,100
Slakoth,normal,NA,3,60,60,60,35,35,30
Sliggoo,dragon,NA,6,68,75,53,83,113,60
Slowbro,water,psychic,1,95,75,180,130,80,30
Slowking,water,psychic,2,95,75,80,100,110,30
Slowpoke,water,psychic,1,90,65,65,40,40,15
Slugma,fire,NA,2,40,40,40,70,40,20
Slurpuff,fairy,NA,6,82,80,86,85,75,72
Smeargle,normal,NA,2,55,20,35,20,45,75
Smoochum,ice,psychic,2,45,30,15,85,65,65
Sneasel,dark,ice,2,55,95,55,35,75,115
Snivy,grass,NA,5,45,45,55,45,55,63
Snorlax,normal,NA,1,160,110,65,65,110,30
Snorunt,ice,NA,3,50,50,50,50,50,50
Snover,grass,ice,4,60,62,50,62,60,40
Snubbull,fairy,NA,2,60,80,50,40,40,30
Solgaleo,psychic,steel,7,137,137,107,113,89,97
Solosis,psychic,NA,5,45,30,40,105,50,20
Solrock,rock,psychic,3,90,95,85,55,65,70
Spearow,normal,flying,1,40,60,30,31,31,70
Spewpa,bug,NA,6,45,22,60,27,30,29
Spheal,ice,water,3,70,40,50,55,50,25
Spinarak,bug,poison,2,40,60,40,40,40,30
Spinda,normal,NA,3,60,60,60,60,60,60
Spiritomb,ghost,dark,4,50,92,108,92,108,35
Spoink,psychic,NA,3,60,25,35,70,80,60
Spritzee,fairy,NA,6,78,52,60,63,65,23
Squirtle,water,NA,1,44,48,65,50,64,43
Stantler,normal,NA,2,73,95,62,85,65,85
Staraptor,normal,flying,4,85,120,70,50,60,100
Staravia,normal,flying,4,55,75,50,40,40,80
Starly,normal,flying,4,40,55,30,30,30,60
Starmie,water,psychic,1,60,75,85,100,85,115
Staryu,water,NA,1,30,45,55,70,55,85
Steelix,steel,ground,2,75,125,230,55,95,30
Steenee,grass,NA,7,52,40,48,40,48,62
Stoutland,normal,NA,5,85,110,90,45,90,80
Stufful,normal,fighting,7,70,75,50,45,50,50
Stunfisk,ground,electric,5,109,66,84,81,99,32
Stunky,poison,dark,4,63,63,47,41,41,74
Sudowoodo,rock,NA,2,70,100,115,30,65,30
Suicune,water,NA,2,100,75,115,90,115,85
Sunflora,grass,NA,2,75,75,55,105,85,30
Sunkern,grass,NA,2,30,30,30,30,30,30
Surskit,bug,water,3,40,30,32,50,52,65
Swablu,normal,flying,3,45,40,60,40,75,50
Swadloon,bug,grass,5,55,63,90,50,80,42
Swalot,poison,NA,3,100,73,83,73,83,55
Swampert,water,ground,3,100,150,110,95,110,70
Swanna,water,flying,5,75,87,63,87,63,98
Swellow,normal,flying,3,60,85,60,75,50,125
Swinub,ice,ground,2,50,50,40,30,30,50
Swirlix,fairy,NA,6,62,48,66,59,57,49
Swoobat,psychic,flying,5,67,57,55,77,55,114
Sylveon,fairy,NA,6,95,65,65,110,130,60
Taillow,normal,flying,3,40,55,30,30,30,85
Talonflame,fire,flying,6,78,81,71,74,69,126
Tangela,grass,NA,1,65,55,115,100,40,60
Tangrowth,grass,NA,4,100,100,125,110,50,50
Tapu Bulu,grass,fairy,7,70,130,115,85,95,75
Tapu Fini,water,fairy,7,70,75,115,95,130,85
Tapu Koko,electric,fairy,7,70,115,85,95,75,130
Tapu Lele,psychic,fairy,7,70,85,75,130,115,95
Tauros,normal,NA,1,75,100,95,40,70,110
Teddiursa,normal,NA,2,60,80,50,50,50,40
Tentacool,water,poison,1,40,40,35,50,100,70
Tentacruel,water,poison,1,80,70,65,80,120,100
Tepig,fire,NA,5,65,63,45,45,45,45
Terrakion,rock,fighting,5,91,129,90,72,90,108
Throh,fighting,NA,5,120,100,85,30,85,45
Thundurus,electric,flying,5,79,105,70,145,80,101
Timburr,fighting,NA,5,75,80,55,25,35,35
Tirtouga,water,rock,5,54,78,103,53,45,22
Togedemaru,electric,steel,7,65,98,63,40,73,96
Togekiss,fairy,flying,4,85,50,95,120,115,80
Togepi,fairy,NA,2,35,20,65,40,65,20
Togetic,fairy,flying,2,55,40,85,80,105,40
Torchic,fire,NA,3,45,60,40,70,50,45
Torkoal,fire,NA,3,70,85,140,85,70,20
Tornadus,flying,NA,5,79,100,80,110,90,121
Torracat,fire,NA,7,65,85,50,80,50,90
Torterra,grass,ground,4,95,109,105,75,85,56
Totodile,water,NA,2,50,65,64,44,48,43
Toucannon,normal,flying,7,80,120,75,75,75,60
Toxapex,poison,water,7,50,63,152,53,142,35
Toxicroak,poison,fighting,4,83,106,65,86,65,85
Tranquill,normal,flying,5,62,77,62,50,42,65
Trapinch,ground,NA,3,45,100,45,45,45,10
Treecko,grass,NA,3,40,45,35,65,55,70
Trevenant,ghost,grass,6,85,110,76,65,82,56
Tropius,grass,flying,3,99,68,83,72,87,51
Trubbish,poison,NA,5,50,50,62,40,62,65
Trumbeak,normal,flying,7,55,85,50,40,50,75
Tsareena,grass,NA,7,72,120,98,50,98,72
Turtonator,fire,dragon,7,60,78,135,91,85,36
Turtwig,grass,NA,4,55,68,64,45,55,31
Tympole,water,NA,5,50,50,40,50,40,64
Tynamo,electric,NA,5,35,55,40,45,40,60
Type: Null,normal,NA,7,95,95,95,95,95,59
Typhlosion,fire,NA,2,78,84,78,109,85,100
Tyranitar,rock,dark,2,100,164,150,95,120,71
Tyrantrum,rock,dragon,6,82,121,119,69,59,71
Tyrogue,fighting,NA,2,35,35,35,35,35,35
Tyrunt,rock,dragon,6,58,89,77,45,45,48
Umbreon,dark,NA,2,95,65,110,60,130,65
Unfezant,normal,flying,5,80,115,80,65,55,93
Unown,psychic,NA,2,48,72,48,72,48,48
Ursaring,normal,NA,2,90,130,75,75,75,55
Uxie,psychic,NA,4,75,75,130,75,130,95
Vanillish,ice,NA,5,51,65,65,80,75,59
Vanillite,ice,NA,5,36,50,50,65,60,44
Vanilluxe,ice,NA,5,71,95,85,110,95,79
Vaporeon,water,NA,1,130,65,60,110,95,65
Venipede,bug,poison,5,30,45,59,30,39,57
Venomoth,bug,poison,1,70,65,60,90,75,90
Venonat,bug,poison,1,60,55,50,40,55,45
Venusaur,grass,poison,1,80,100,123,122,120,80
Vespiquen,bug,flying,4,70,80,102,80,102,40
Vibrava,ground,dragon,3,50,70,50,50,50,70
Victini,psychic,fire,5,100,100,100,100,100,100
Victreebel,grass,poison,1,80,105,65,100,70,70
Vigoroth,normal,NA,3,80,80,80,55,55,90
Vikavolt,bug,electric,7,77,70,90,145,75,43
Vileplume,grass,poison,1,75,80,85,110,90,50
Virizion,grass,fighting,5,91,90,72,90,129,108
Vivillon,bug,flying,6,80,52,50,90,50,89
Volbeat,bug,NA,3,65,73,75,47,85,85
Volcanion,fire,water,6,80,110,120,130,90,70
Volcarona,bug,fire,5,85,60,65,135,105,100
Voltorb,electric,NA,1,40,30,50,55,55,100
Vullaby,dark,flying,5,70,55,75,45,65,60
Vulpix,fire,ice,1,38,41,40,50,65,65
Wailmer,water,NA,3,130,70,35,70,35,60
Wailord,water,NA,3,170,90,45,90,45,60
Walrein,ice,water,3,110,80,90,95,90,65
Wartortle,water,NA,1,59,63,80,65,80,58
Watchog,normal,NA,5,60,85,69,60,69,77
Weavile,dark,ice,4,70,120,65,45,85,125
Weedle,bug,poison,1,40,35,30,20,20,50
Weepinbell,grass,poison,1,65,90,50,85,45,55
Weezing,poison,NA,1,65,90,120,85,70,60
Whimsicott,grass,fairy,5,60,67,85,77,75,116
Whirlipede,bug,poison,5,40,55,99,40,79,47
Whiscash,water,ground,3,110,78,73,76,71,60
Whismur,normal,NA,3,64,51,23,51,23,28
Wigglytuff,normal,fairy,1,140,70,45,85,50,45
Wimpod,bug,water,7,25,35,40,20,30,80
Wingull,water,flying,3,40,30,30,55,30,85
Wishiwashi,water,NA,7,45,140,130,140,135,30
Wobbuffet,psychic,NA,2,190,33,58,33,58,33
Woobat,psychic,flying,5,65,45,43,55,43,72
Wooper,water,ground,2,55,45,45,25,25,15
Wormadam,bug,grass,4,60,69,95,69,95,36
Wurmple,bug,NA,3,45,45,35,20,30,20
Wynaut,psychic,NA,3,95,23,48,23,48,23
Xatu,psychic,flying,2,65,75,70,95,70,95
Xerneas,fairy,NA,6,126,131,95,131,98,99
Xurkitree,electric,NA,7,83,89,71,173,71,83
Yamask,ghost,NA,5,38,30,85,55,65,30
Yanma,bug,flying,2,65,65,45,75,45,95
Yanmega,bug,flying,4,86,76,86,116,56,95
Yungoos,normal,NA,7,48,70,30,30,30,45
Yveltal,dark,flying,6,126,131,95,131,98,99
Zangoose,normal,NA,3,73,115,60,60,60,90
Zapdos,electric,flying,1,90,90,85,125,90,100
Zebstrika,electric,NA,5,75,100,63,80,63,116
Zekrom,dragon,electric,5,100,150,120,120,100,90
Zigzagoon,normal,NA,3,38,30,41,30,41,60
Zoroark,dark,NA,5,60,105,60,120,60,105
Zorua,dark,NA,5,40,65,40,80,40,65
Zubat,poison,flying,1,40,45,35,30,40,55
Zweilous,dark,dragon,5,72,85,70,65,70,58
Zygarde,dragon,ground,6,216,100,121,91,95,85
